Title,Venue,Year,Topics,Authors,URL,GSC,Citations,Notes,Artifact
Outside the Closed World: On Using Machine Learning For Network Intrusion Detection,Oakland,2010,"Machine Learning, Experimentation","Robin Sommer (International Computer Science Institute / Lawrence Berkeley National Laboratory), Vern Paxson (International Computer Science Institute / University of California Berkeley)",sommer2010.pdf,https://scholar.google.com/citations?view_op=view_citation&hl=en&user=9NZw0bUAAAAJ&citation_for_view=9NZw0bUAAAAJ:zYLM7Y9cAGgC,451,,
All You Ever Wanted to Know about Dynamic Taint Analysis and Forward Symbolic Execution (but might have been afraid to ask),Oakland,2010,Dynamic Analysis,"Thanassis Avgerinos, Edward Schwartz, David Brumley (Carnegie Mellon University)",schwartz2010.pdf,https://scholar.google.com/citations?view_op=view_citation&hl=en&user=-WBavtMAAAAJ&citation_for_view=-WBavtMAAAAJ:u5HHmVD_uO8C,395,,
State of the Art: Automated Black-Box Web Application Vulnerability Testing,Oakland,2010,"Web Security, Experimentation","Jason Bau, Elie Bursztein, Divij Gupta, John Mitchell (Stanford University)",bau2010.pdf,https://scholar.google.com/citations?view_op=view_citation&hl=en&user=Ayw4GsAAAAAJ&citation_for_view=Ayw4GsAAAAAJ:2osOgNQ5qMEC,210,,
How Good are Humans at Solving CAPTCHAs? A Large Scale Evaluation,Oakland,2010,Usable Security,"Elie Bursztein, Steven Bethard, John C. Mitchell, Dan Jurafsky (Stanford University), C&eacute;line Fabry",burzstein2010.pdf,https://scholar.google.com/citations?view_op=view_citation&hl=en&user=Ayw4GsAAAAAJ&citation_for_view=Ayw4GsAAAAAJ:qjMakFHDy7sC,186,,
Bootstrapping Trust in Commodity Computers,Oakland,2010,Trusted Hardware,"Bryan Parno, Jonathan M. McCune, Adrian Perrig (Carnegie Mellon University)",parno2010.pdf,https://scholar.google.com/citations?view_op=view_citation&hl=en&user=kTTBpJkAAAAJ&citation_for_view=kTTBpJkAAAAJ:Y0pCki6q_DkC,120,[expanded into book: https://www.amazon.com/Bootstrapping-Computers-SpringerBriefs-Computer-Science-ebook/dp/B009YU221W/ref=sr_1_1?s=books&ie=UTF8&qid=1488970042&sr=1-1&keywords=9781461414605],
Formalizing Anonymous Blacklisting Systems,Oakland,2011,"Anonymity, Formalizing","Ryan Henry, Ian Goldberg (University of Waterloo)",henry2011.pdf,https://scholar.google.com/citations?view_op=view_citation&hl=en&user=kj6ctNwAAAAJ&citation_for_view=kj6ctNwAAAAJ:d1gkVwhDpl0C,32,,
Mobile Security Catching Up? - Revealing the nuts and bolts of the security of mobile devices,Oakland,2011,Mobile Security,"Michael Becher (University of Mannheim), Felix C. Freiling (University of Mannheim), Johannes Hoffmann (Ruhr-University Bochum), Thorsten Holz (Ruhr-University Bochum), Sebastian Uellenbeck (Ruhr-University Bochum), Christopher Wolf (Ruhr-University Bochum)",becher2011.pdf,"https://scholar.google.com/scholar?cites=10291655926701649260&as_sdt=5,39&sciodt=0,39&hl=en",189,,
A Formal Foundation for the Security Features of Physical Functions,Oakland,2011,"Hardware, Formalizing","Frederik Armknecht (University of Mannheim), Roel Maes (Katholieke Universiteit Leuven), Ahmad-Reza Sadeghi (TU Darmstadt; Fraunhofer SIT Darmstadt), Francois-Xavier Standaert (Universite Catholique de Louvain), Christian Wachsmann (TU Darmstadt)",armknecht2011.pdf,https://scholar.google.com/citations?view_op=view_citation&hl=en&user=W5FetOsAAAAJ&citation_for_view=W5FetOsAAAAJ:qjMakFHDy7sC,120,,
Timing- and Termination-Sensitive Secure Information Flow: Exploring a New Approach,Oakland,2011,Formal Methods,"Vineeth Kashyap (UC Santa Barbara), Ben Wiedermann (Virginia Tech), Ben Hardekopf (UC Santa Barbara)",kashyap2011.pdf,https://scholar.google.com/citations?view_op=view_citation&hl=en&user=edDtEwMAAAAJ&citation_for_view=edDtEwMAAAAJ:u5HHmVD_uO8C,62,,
Prudent Practices for Designing Malware Experiments: Status Quo and Outlook,Oakland,2012,"Malware, Experimentation","Christian Rossow, Christian J. Dietrich (Institute for Internet Security; Gelsenkirchen), Chris Grier, Christian Kreibich,Vern Paxson (International Computer Science Institute), Norbert Pohlmann (Institute for Internet Security; Gelsenkirchen),Herbert Bos, Maarten van Steen (Vrije Universiteit Amsterdam)",rossow2012.pdf,https://scholar.google.com/citations?view_op=view_citation&hl=en&user=lNn4hRMAAAAJ&citation_for_view=lNn4hRMAAAAJ:mVmsd5A6BfQC,74,,
Dissecting Android Malware: Characterization and Evolution,Oakland,2012,"Malware, Mobile Security, Measurement","Yajin Zhou, Xuxian Jiang (North Carolina State University)",zhou2012.pdf,https://scholar.google.com/citations?view_op=view_citation&hl=en&user=N1oeOPwAAAAJ&citation_for_view=N1oeOPwAAAAJ:IjCSPb-OGe4C,1172,,
The Psychology of Security for the Home Computer User,Oakland,2012,Usable Security,"Adele Howe, Indrajit Ray, Mark Roberts, Malgorzata Urbanska,Zinta Byrne (Colorado State University)",howe2012.pdf,https://scholar.google.com/citations?view_op=view_citation&hl=en&user=FjV70BwAAAAJ&cstart=20&pagesize=80&citation_for_view=FjV70BwAAAAJ:D_sINldO8mEC,48,,
"Peek-a-Boo, I Still See you: Why Efficient Traffic Analysis Countermeasures Fail",Oakland,2012,"Anonymity, Measurement","Kevin P. Dyer (Portland State University), Scott E. Coull (RedJack), Thomas Ristenpart (University of Wisconsin-Madison), Thomas Shrimpton (Portland State University)",dyer2012.pdf,https://scholar.google.com/citations?view_op=view_citation&hl=en&user=XOydMzsAAAAJ&citation_for_view=XOydMzsAAAAJ:9yKSN-GCB0IC,146,,
Third-Party Web Tracking Policy and Technology,Oakland,2012,"Web Security, Measurement, Policy, Tool","Jonathan R. Mayer, John C. Mitchell (Stanford University)",mayer2012.pdf,https://scholar.google.com/citations?view_op=view_citation&hl=en&user=qRFx7E8AAAAJ&citation_for_view=qRFx7E8AAAAJ:d1gkVwhDpl0C,265,,
OB-PWS: Obfuscation-Based Private Web Search,Oakland,2012,"Privacy, Evaluation","Ero Balsa, Carmela Troncoso, Claudia Diaz (KULeuven-COSIC/IBBT)",balsa2012.pdf,https://scholar.google.com/citations?view_op=view_citation&hl=en&user=LhtWcbwAAAAJ&citation_for_view=LhtWcbwAAAAJ:d1gkVwhDpl0C,41,,
The quest to replace passwords: A framework for comparative evaluation of web authentication schemes,Oakland,2012,"Usable Security, Evaluation","Joseph Bonneau (University of Cambridge), Cormac Herley (Microsoft Research), Paul C. van Oorschot (Carleton U),Frank Stajano (University of Cambridge)",bonneau2012.pdf,https://scholar.google.com/citations?view_op=view_citation&hl=en&user=Ko1bXSkAAAAJ&citation_for_view=Ko1bXSkAAAAJ:4DMP91E08xMC,383,,
SoK: Eternal War in Memory,Oakland,2013,"Software Security, Evaluation","Laszlo Szekeres (Stony Brook University and UC Berkeley), Mathias Payer (UC Berkeley), Tao Wei (UC Berkeley and Peking University),Dawn Song (UC Berkeley)",szekeres2013.pdf,https://scholar.google.com/citations?view_op=view_citation&hl=en&user=KeT4FigAAAAJ&citation_for_view=KeT4FigAAAAJ:9yKSN-GCB0IC,156,,
SoK: P2PWNED &mdash; Modeling and Evaluating the Resilience of Peer-to-Peer Botnets,Oakland,2013,"Botnets, Evaluation, Formalizing","Christian Rossow (Institute for Internet Security), Dennis Andriesse (VU University Amsterdam), Tillmann Werner (The Honeynet Project), Brett Stone-Gross (Dell SecureWorks), Daniel Plohmann (Fraunhofer FKIE), Christian J. Dietrich (Institute for Internet Security),Herbert Bos (VU University Amsterdam)",rossow2013.pdf,https://scholar.google.com/citations?view_op=view_citation&hl=en&user=lNn4hRMAAAAJ&citation_for_view=lNn4hRMAAAAJ:9ZlFYXVOiuMC,89,,
SoK: Secure Data Deletion,Oakland,2013,"System Security, Taxonomy, Evaluation","Joel Reardon (ETH Zurich), David Basin (ETH Zurich),Srdjan Capkun (ETH Zurich)",reardon2013.pdf,https://scholar.google.com/citations?view_op=view_citation&hl=en&user=VtkPBNsAAAAJ&cstart=20&pagesize=80&citation_for_view=VtkPBNsAAAAJ:bnK-pcrLprsC,63,,
SoK: The Evolution of Sybil Defense via Social Networks,Oakland,2013,Modeling,"Lorenzo Alvisi (University of Texas Austin), Allen Clement (MPI-SWS), Alessandro Epasto (Sapienza University of Rome), Silvio Lattanzi (Google),Alessandro Panconesi (Sapienza University of Rome)",alvisi2013.pdf,https://scholar.google.com/citations?view_op=view_citation&hl=en&user=K_-KJi8AAAAJ&cstart=20&pagesize=80&citation_for_view=K_-KJi8AAAAJ:z_wVstp3MssC,72,,
SoK: SSL and HTTPS: Revisiting Past Challenges and Evaluating Certificate Trust Model Enhancements,Oakland,2013,Protocols,"Jeremy Clark (Carleton University), Paul C. van Oorschot (Carleton University)",clark2013.pdf,https://scholar.google.com/citations?view_op=view_citation&hl=en&user=oQrvLjYAAAAJ&citation_for_view=oQrvLjYAAAAJ:_Qo2XoVZTnwC,94,,
SoK: Automated Software Diversity,Oakland,2014,"Software Security, Language-Based Security","Per Larsen, Andrei Homescu, Stefan Brunthaler, Michael Franz",larsen2014.pdf,"https://scholar.google.com/scholar?cites=3029199592661160346&as_sdt=5,39&sciodt=0,39&hl=en",179,,
SoK: Security and Privacy in Implantable Medical Devices and Body Area Networks,Oakland,2014,"Devices, Evaluation","Michael Rushanan (Johns Hopkins University), Colleen Swanson (University of Michigan), Denis Foo Kune (University of Michigan),Aviel D. Rubin (Johns Hopkins University)",rushanana2013.pdf,https://scholar.google.com/citations?view_op=view_citation&hl=en&user=ynU-sgIAAAAJ&citation_for_view=ynU-sgIAAAAJ:qjMakFHDy7sC,55,,
SoK: Introspections on Trust and the Semantic Gap,Oakland,2014,"Taxonomy, Evaluation","Bhushan Jain, Mirza Basim Baig, Dongli Zhang, Donald E. Porter,Radu Sion (Stony Brook University)",jain2014.pdf,https://scholar.google.com/citations?view_op=view_citation&hl=en&user=5m7BWFEAAAAJ&citation_for_view=5m7BWFEAAAAJ:zYLM7Y9cAGgC,34,,
SoK: Research Perspectives and Challenges for Bitcoin and Cryptocurrencies,Oakland,2015,Cryptocurrencies,"Joseph Bonneau (Princeton University), Andrew Miller (University of Maryland), Jeremy Clark (Concordia University), Arvind Narayanan (Princeton University), Joshua A. Kroll (Princeton University), Edward W. Felten (Princeton University)",bonneau2015.pdf,https://scholar.google.com/citations?view_op=view_citation&hl=en&user=Ko1bXSkAAAAJ&citation_for_view=Ko1bXSkAAAAJ:pUxgyZctzPYC,110,,
SoK: Secure Messaging,Oakland,2015,"Anonymity, Privacy","Nik Unger (University of Waterloo), Sergej Dechand (University of Bonn), Joseph Bonneau (Princeton), Sascha Fahl (Fraunhofer FKIE Bonn), Henning Perl (Fraunhofer FKIE Bonn), Ian Goldberg (University of Waterloo), Matthew Smith (University of Bonn)",unger2014.pdf,https://scholar.google.com/citations?view_op=view_citation&hl=en&user=Ko1bXSkAAAAJ&citation_for_view=Ko1bXSkAAAAJ:eFf2swCANGcC,34,,
SoK: A comprehensive analysis of game-based ballot privacy definitions,Oakland,2015,"Voting, Modeling","David Bernhard (University of Bristol), V&eacute;ronique Cortier (LORIA & CNRS), David Galindo (LORIA & Scytl), Olivier Pereira (Universite Catholique de Louvain), Bogdan Warinschi (University of Bristol)",bernhard2014.pdf,https://scholar.google.com/citations?view_op=view_citation&hl=en&user=R4nPTYgAAAAJ&cstart=20&pagesize=80&citation_for_view=R4nPTYgAAAAJ:1qzjygNMrQYC,30,,
SoK: Deep Packer Inspection: A Longitudinal Study of the Complexity of Run-Time Packers,Oakland,2015,"Malware, Measurement","Xabier Ugarte-Pedrero (University of Deusto), Davide Balzarotti (EURECOM), Igor Santos Grueiro (University of Deusto), Pablo Garcia Bringas (University of Deusto)",ugarte2014.pdf,https://scholar.google.com/citations?view_op=view_citation&hl=en&user=ZhQ0CxsAAAAJ&cstart=20&pagesize=80&citation_for_view=ZhQ0CxsAAAAJ:tOudhMTPpwUC,16,,
SoK: (State of) The Art of War: Offensive Techniques in Binary Analysis,Oakland,2016,"Malware, Software Security, Evaluation, Tool","Yan Shoshitaishvili, Ruoyu Wang, Christopher Salls, Nick Stephens, Mario Polino,Andrew Dutcher, John Grosen, Siji Feng, Christophe Hauser, Christopher Kruegel,Giovanni Vigna (UC Santa Barbara)",shoshitaishvili2016.pdf,https://scholar.google.com/citations?view_op=view_citation&hl=en&user=ff1RkwcAAAAJ&citation_for_view=ff1RkwcAAAAJ:Zph67rFs4hoC,3,,
SoK: Everyone Hates Robocalls: A Survey of Techniques against Telephone Spam,Oakland,2016,"Evaluation, Modeling","Huahong Tu, Adam Doup&eacute;, Ziming Zhao,Gail-Joon Ahn (Arizona State University)",tu2016.pdf,https://scholar.google.com/citations?view_op=view_citation&hl=en&user=7qaoab4AAAAJ&citation_for_view=7qaoab4AAAAJ:u5HHmVD_uO8C,5,,
SoK: Lessons Learned From Android Security Research For Appified Software Platforms,Oakland,2016,"Mobile Security, Malware, Evaluation","Yasemin Acar (CISPA; Saarland University), Michael Backes (CISPA; Saarland University & MPI-SWS), Sven Bugiel, Sascha Fahl (CISPA; Saarland University), Patrick McDaniel (Pennsylvania State University),Matthew Smith (University Bonn)",acar2016.pdf,https://scholar.google.com/citations?view_op=view_citation&hl=en&user=ZVS3KOEAAAAJ&cstart=20&pagesize=80&sortby=pubdate&citation_for_view=ZVS3KOEAAAAJ:RXiHnyRawswC,10,,
SoK: Verifiability Notions for E-Voting Protocols,Oakland,2016,"Voting, Modeling","V&eacute;ronique Cortier (INRIA/Loria), David Galindo (University of Birmingham), Ralf Kuesters, Johannes Mueller (University of Trier),Tomasz Truderung (Polyas)",cortier2016.pdf,https://scholar.google.com/citations?view_op=view_citation&hl=en&user=R4nPTYgAAAAJ&sortby=pubdate&citation_for_view=R4nPTYgAAAAJ:AXPGKjj_ei8C,2,,
SoK: Towards Grounding Censorship Circumvention in Empiricism,Oakland,2016,"Censorship, Experimentation","Michael C. Tschantz, Sadia Afroz (ICSI), Anonymous (unaffiliated),Vern Paxson (UC Berkeley and ICSI)",tschantz2016.pdf,https://scholar.google.com/citations?view_op=view_citation&hl=en&user=u4epKYoAAAAJ&sortby=pubdate&citation_for_view=u4epKYoAAAAJ:XoXfffV-tXoC,2,,
"SoK: Science, Security, and the Elusive Goal of Security as a Scientific Pursuit",Oakland,2017,Other,"Cormac Herley (Microsoft Research), Paul C. van Oorschot (Carleton University)",herley2017.pdf,"https://scholar.google.com/scholar?cites=16348760526179231183&as_sdt=5,39&sciodt=0,39&hl=en",6,,
SoK: Cryptographically Protected Database Search,Oakland,2017,"Taxonomy, Protocols","Benjamin Fuller (University of Connecticut), Mayank Varia (Boston University), Arkady Yerukhimovich (MIT Lincoln Laboratory), Emily Shen (MIT Lincoln Laboratory), Ariel Hamlin (MIT Lincoln Laboratory), Vijay Gadepally (MIT Lincoln Laboratory), Richard Shay (MIT Lincoln Laboratory), John Darby Mitchell (MIT Lincoln Laboratory), Robert K. Cunningham (MIT Lincoln Laboratory)",fuller2017.pdf,,0,,
SoK: Exploiting Network Printers,Oakland,2017,"Measurement, Malware","Jens M&uuml;ller (Horst G&ouml;rtz Institute for IT-Security / Ruhr University Bochum), Vladislav Mladenov (Horst G&ouml;rtz Institute for IT-Security / Ruhr University Bochum), Juraj Somorovsky (Horst G&ouml;rtz Institute for IT-Security / Ruhr University Bochum), J&ouml;rg Schwenk (Horst G&ouml;rtz Institute for IT-Security / Ruhr University Bochum)",muller2017.pdf,,0,,
SoK: Keylogging Side Channels,Oakland,2018,"Side-Channels, Malware",John V. Monaco (U.S. Army Research Laboratory),monaco2018.pdf,,,,
"SoK: ""Plug & Pray"" Today - Understanding USB Insecurity in Versions 1 through C",Oakland,2018,"Hardware, Formalizing","Jing Tian, Nolen Scaife, Deepak Kumar, Michael Bailey, Adam Bates, Kevin Butler ",tian2018.pdf,,,,
SoK: Sanitizing for Security,Oakland,2019,"Software Security, Language-Based Security","Dokyung Song, Julian Lettner, Prabhu Rajasekaran, Yeoul Na, Stijn Volckaert, Per Larsen, Michael Franz",song2019.pdf,,,,
SoK: Security Evaluation of Home-Based IoT Deployments,Oakland,2019,IoT,"Omar Alrawi, Chaz Lever, Manos Antonakakis, Fabian Monrose",alwari2019.pdf,,,,
"SoK: The Challenges, Pitfalls, and Perils of Using Hardware Performance Counters for Security",Oakland,2019,Hardware,"Sanjeev Das, Jan Werner, Manos Antonakakis, Michalis Polychronakis, Fabian Monrose",das2019.pdf,,,,
SoK: General Purpose Compilers for Secure Multi-Party Computation,Oakland,2019,"Secure Computation, Programming Languages","Marcella Hastings, Brett Hemenway, Daniel Noble, Steve Zdancewic",hastings2019.pdf,,,,
SoK: Shining Light on Shadow Stacks ,Oakland,2019,"Software Security, Language-Based Security, Evaluation","Nathan Burow, Xinping Zhang, Mathias Payer",burrow2019.pdf,,,,
SoK: Differential Privacy as a Causal Property,Oakland,2020,Privacy,"Michael C. Tschantz, Shayak Sen, Anupam Datta",tschantz2020.pdf,,,,
SoK: Cyber Insurance - Technical Challenges and a System Security Roadmap,Oakland,2020,"System Security, Other","Savino Dambra,Leyla Bilge,Davide Balzarotti",dambra2020.pdf,,,,
SoK: A Minimalist Approach to Formalizing Analog Sensor Security,Oakland,2020,Hardware,"Chen Yan,Hocheol Shin,Connor Bolton,Wenyuan Xu,Yongdae Kim, Kevin Fu",yan2020.pdf,,,,
SoK: Understanding the Prevailing Security Vulnerabilities in TrustZone-Assisted TEE Systems,Oakland,2020,,"David Cerdeira, Nuno Santos, Pedro Fonseca, Sandro Pinto",cerdeira2020.pdf,,,,
SoK: Security and Privacy in the Age of Commercial Drones,Oakland,2021,,"Ben Nassi,Ron Bitton,Ryusuke Masuoka,Asaf Shabtai,Yuval Elovici",nassi2021.pdf,,,,
SoK: Computer-Aided Cryptography,Oakland,2021,,"Manuel Barbosa, Gilles Barthe,Karthik Bhargavan,Bruno Blanchet,Cas Cremers,Kevin Liao,Bryan Parno",barbosa2021.pdf,,,,
SoK: All You Ever Wanted to Know About x86/x64 Binary Disassembly but Were Afraid to Ask,Oakland,2021,,"Chengbin Pang,Ruotong Yu,Yaohui Chen,Eric Koskinen,Georgios Portokalidis,Bing Mao,Jun Xu",pang2021.pdf,,,,
SoK: The Faults in our ASRs: An Overview of Attacks against Automatic Speech Recognition and Speaker Identification Systems,Oakland,2021,,"Hadi Abdullah,Kevin Warren,Vincent Bindschaedler,Nicolas Papernot,Patrick Traynor",abdullah2021.pdf,,,,
SoK: Quantifying Cyber Risk,Oakland,2021,,"Daniel W. Woods, Rainer B&ouml;hme",woods2021pre.pdf,,,,
"SoK: Hate, Harassment, and the Changing Landscape of Online Abuse",Oakland,2021,,"Kurt Thomas, Devdatta Akhawe, Michael Bailey, Dan Boneh, Elie Bursztein, Sunny Consolvo, Nicola Dell, Zakir Durumeric, Patrick Gage Kelley, Deepak Kumar, Damon McCoy, Sarah Meiklejohn, Thomas Ristenpart, Gianluca Stringhini",thomas2021pre.pdf,,,,
SoK: An Overview of FHE Compilers and Tools,Oakland,2021,,"Alexander Viand, Patrick Jattke, Anwar Hithnawi",notyetavailable.pdf,,,,
SoK: Fraud in Telephony Networks,EuroS&P,2017,,"Merve Sahin, Aur&eacute;lien Francillon, Payas Gupta, Mustaque Ahamad",sahin2017.pdf,,,,
SoK: Single Sign-On Security &mdash; An Evaluation of OpenID Connect,EuroS&P,2017,,"Christian Mainka, Vladislav Mladenov, J&ouml;rg Schwenk, Tobias Wich",mainka2017.pdf,,,,
SoK: Security and Privacy in Machine Learning,EuroS&P,2018,,"Nicolas Papernot, Patrick McDaniel, Arunesh Sinha, Michael P. Wellman",papernot2018.pdf,,,,
SoK: Benchmarking Flaws in Systems Security,EuroS&P,2019,,"Erik van der Kouwe, Gernot Heiser, Dennis Andriesse, Herbert Bos, Cristiano Giuffrida",kouwe2019.pdf,,,,
"SoK: Delegation and Revocation, the Missing Links in the Web's Chain of Trust",EuroS&P,2020,,"Laurent Chuat, AbdelRahman Abdou, Ralf Sasse, Christoph Sprenger, David Basin, Adrian Perrig",chuat2020.pdf,,,,
SoK: A Framework for Asset Discovery: Systematizing Advances in Network Measurements for Protecting Organizations,EuroS&P,2021,,"Mathew Vermeer, Jonathan West, Alejandro Cuevas, Shuonan Niu, Nicolas Christin, Michel van Eeten, Tobias Fiebig, Carlos Ga&ntilde;&aacute;n, Tyler Moore",vermeer2021.pdf,,,,
SoK: Attacks on Industrial Control Logic and Formal Verification-Based Defenses,EuroS&P,2021,,"Ruimin Sun, Alejandro Mera, Long Lu, David Choffnes",https://arxiv.org/abs/2006.04806,,,,
SoK: Context Sensing for Access Control in the Adversarial Home IoT,EuroS&P,2021,,"Weijia He, Valerie Zhao, Olivia Morkved, Sabeeka Siddiqui, Earlence Fernandes, Josiah Hester, Blase Ur",he2021.pdf,,,,
SoK: Cryptojacking Malware,EuroS&P,2021,,"Ege Tekiner, Abbas Acar, A. Selcuk Uluagac, Engin Kirda, Ali Aydin Selcuk ",https://arxiv.org/abs/2103.03851,,,,
SoK: In Search of Lost Time: A Review of JavaScript Timers in Browsers,EuroS&P,2021,,"Thomas Rokicki, Cl&eacute;mentine Maurice, Pierre Laperdrix ",rokicki2021.pdf,,,,
SoK: Secure FPGA Multi-Tenancy in the Cloud: Challenges and Opportunities,EuroS&P,2021,,"Shaza Zeitouni, Ghada Dessouky, Ahmad-Reza Sadeghi",https://arxiv.org/abs/2009.13914,,,,
SoK: How Robust is Image Classification Deep Neural Network Watermarking?,Oakland,2022,,"Nils Lukas,Edward Jiang,Xinda Li,Florian Kerschbaum",https://arxiv.org/abs/2108.04974,,,,
SoK: Demystifying Binary Lifters Through the Lens of Downstream Applications,Oakland,2022,,"Zhibo Liu,Yuanyuan Yuan,Shuai Wang,Yuyan Bao",https://www.computer.org/csdl/proceedings-article/sp/2022/131600a453,,,,
SoK: A Framework for Unifying At-Risk User Research ,Oakland,2022,,"Noel Warford (University of Maryland), Tara Matthews (Google), Kaitlyn Yang (University of Maryland), Omer Akgul (University of Maryland), Sunny Consolvo (Google), Patrick Gage Kelley (Google), Nathan Malkin (University of Maryland), Michelle L. Mazurek (University of Maryland), Manya Sleeper (Google), Kurt Thomas (Google)",https://arxiv.org/abs/2112.07047,,,,
SoK: Authentication in Augmented and Virtual Reality ,Oakland,2022,,"Sophie Stephenson (University of Wisconsin--Madison), Bijeeta Pal (Cornell University), Stephen Fan (University of Wisconsin--Madison), Earlence Fernandes (UW Madison), Yuhang Zhao (University of Wisconsin-Madison), Rahul Chatterjee (University of Wisconsin--Madison)",stephenson2022.pdf,,,,
SoK: Practical Foundations for Software Spectre Defenses ,Oakland,2022,,"Sunjay Cauligi (UC San Diego), Craig Disselkoen (UC San Diego), Daniel Moghimi (UC San Diego), Gilles Barthe (MPI-SP and IMDEA Software Institute), Deian Stefan (UC San Diego)",https://arxiv.org/abs/2105.05801,,,,
SoK: Social Cybersecurity ,Oakland,2022,,"Yuxi Wu (Georgia Institute of Technology), W. Keith Edwards (Georgia Institute of Technology), Sauvik Das (Georgia Institute of Technology)",wu2022.pdf,,,,
SoK: The Dual Nature of Technology in Sexual Assault ,Oakland,2022,,"Borke Obada-Obieh (The University of British Columbia), Yue Huang (University of British Columbia), Lucrezia Spagnolo (Vesta Social Innovation Technologies), Konstantin (Kosta) Beznosov (University of British Columbia)",obadaobieh2022.pdf,,,,
SoK: Workerounds - Categorizing Service Worker Attacks and Mitigations,EuroS&P,2022,,"Karthika Subramani, Jordan Jueckstock, Alexandros Kapravelos, Roberto Perdisci",subramani2022.pdf,,,,
SoK: All or Nothing - A Postmortem of Solutions to the Third-Party Script Inclusion Permission Model and a Path Forward,EuroS&P,2022,,"Steven Sprecher, Christoph Kerschbaumer, Engin Kirda",sprecher2022.pdf,,,,https://gitlab.com/swsprec/sok-allornothing
SoK: Cryptanalysis of Encrypted Search with LEAKER - A framework for LEakage AttacK Evaluation on Real-world data,EuroS&P,2022,,"Seny Kamara, Abdelkarim Kati, Tarik Moataz, Thomas Schneider, Amos Treiber, Michael Yonli",https://eprint.iacr.org/2021/1035,,,,https://encrypto.de/code/LEAKER
SoK: Oblivious Pseudorandom Functions,EuroS&P,2022,,"S&iacute;lvia Casacuberta, Julia Hesse, Anja Lehmann",https://eprint.iacr.org/2022/302,,,,
SoK: Privacy-Preserving Computing in the Blockchain Era,EuroS&P,2022,,"Ghada Almashaqbeh, Ravital Solomon",https://eprint.iacr.org/2021/727,,,,
SoK: The Impact of Unlabelled Data in Cyberthreat Detection,EuroS&P,2022,,"Giovanni Apruzzese, Pavel Laskov, Aliya Tastemirova",apruzzese2022.pdf,,,,https://github.com/hihey54/CEF-SsL
SoK: Taxonomy of Attacks on Open-Source Software Supply Chains,Oakland,2023,,"Piergiorgio Ladisa, Henrik Plate, Matias Martinez, Olivier Barais",ladisa2023.pdf,,,,
SoK: History is a Vast Early Warning System: Auditing the Provenance of System Intrusions,Oakland,2023,,"Muhammad Adil Inam (University of Illinois at Urbana-Champaign), Yinfang Chen (University of Illinois at Urbana-Champaign), Akul Goyal (University of Illinois at Urbana-Champaign), Jason Liu (University of Illinois at Urbana-Champaign), Jaron Mink (University of Illinois at Urbana-Champaign), Noor Michael (University of Illinois at Urbana-Champaign), Sneha Gaur (University of Illinois at Urbana-Champaign), Adam Bates (University of Illinois at Urbana-Champaign), Wajih Ul Hassan (University of Virginia)",inam2023.pdf,,,,
SoK: A Critical Evaluation of Efficient Website Fingerprinting Defenses,Oakland,2023,,"Nate Mathews (Rochester Institute of Technology), James K Holland (University of Minnesota), Se Eun Oh (Ewha Womans University), Mohammad Saidur Rahman (Rochester Institute of Technology), Nicholas Hopper (University of Minnesota), Matthew Wright (Rochester Institute of Technology)",mathews2023.pdf,,,,
SoK: Certified Robustness for Deep Neural Networks,Oakland,2023,,"Linyi Li (University of Illinois Urbana-Champaign USA), Tao Xie (Key Laboratory of High Confidence Software Technologies MoE (Peking University) China), Bo Li (University of Illinois Urbana-Champaign USA)",li2023.pdf,,,,
SoK: Anti-Facial Recognition Technology,Oakland,2023,,"Emily Wenger (University of Chicago), Shawn Shan (University of Chicago), Haitao Zheng (University of Chicago), Ben Y. Zhao (University of Chicago)",wenger2023.pdf,,,,
SoK: Cryptographic Confidentiality of Data on Mobile Devices,PETS,2022,,"Maximilian Zinkus (Johns Hopkins University), Tushar M. Jois (Johns Hopkins University), Matthew Green (Johns Hopkins University)",https://petsymposium.org/2022/files/papers/issue1/popets-2022-0029.pdf,,,,
SoK: Plausibly Deniable Storage,PETS,2022,,"Chen Chen (Stony Brook University), Xiao Liang (Stony Brook University), Bogdan Carbunar (FIU), Radu Sion (Stony Brook University)",https://petsymposium.org/2022/files/papers/issue2/popets-2022-0039.pdf,,,,
SoK: Assumptions underlying Cryptocurrency Deanonymizations - A Taxonomy for Scientific Experts and Legal Practitioners,PETS,2022,,"Dominic Deuber (Friedrich-Alexander-Universität Erlangen-Nürnberg), Viktoria Ronge (Friedrich-Alexander-Universität Erlangen-Nürnberg), Christian R&uuml;ckert (Friedrich-Alexander-Universität Erlangen-Nürnberg)",https://petsymposium.org/popets/2022/popets-2022-0091.pdf,,,,
SoK: TEE-assisted Confidential Smart Contract,PETS,2022,,"Rujia Li (Southern University of Science and Technology & University of Birmingham), Qin Wang (Swinburne University of Technology & CSIRO Data61), Qi Wang (Southern University of Science and Technology), David Galindo (University of Birmingham), Mark Ryan (University of Birmingham)",https://petsymposium.org/popets/2022/popets-2022-0093.pdf,,,,
SoK: Privacy-enhancing Smart Home Hubs,PETS,2022,,"Igor Zavalyshyn (UCLouvain), Axel Legay (UCLouvain), Annanda Rath (Sirris), Etienne Riviere (UCLouvain)",https://petsymposium.org/popets/2022/popets-2022-0097.pdf,,,,
SoK: SCT Auditing in Certificate Transparency,PETS,2022,,"Sarah Meiklejohn (Google LLC), Joe DeBlasio (Google LLC), Devon O'Brien (Google LLC), Chris Thompson (Google LLC), Kevin Yeo (Google LLC), Emily Stark (Google LLC)",https://petsymposium.org/popets/2022/popets-2022-0075.pdf,,,,
SoK: Privacy-Preserving Reputation Systems,PETS,2021,,"Stan Gurtler (University of Waterloo), Ian Goldberg (University of Waterloo)",https://petsymposium.org/popets/2021/popets-2021-0007.pdf,,,,
SoK: Managing Longitudinal Privacy of Publicly Shared Personal Online Data,PETS,2021,,"Theodor Schnitzler, Shujaat Mirza, Markus D&uuml;rmuth, Christina P&ouml;pper",https://petsymposium.org/popets/2021/popets-2021-0013.pdf,,,,
SoK: Privacy-Preserving Collaborative Tree-based Model Learning,PETS,2021,,"Sylvain Chatel (Laboratory for Data Security – EPFL), Apostolos Pyrgelis (Laboratory for Data Security – EPFL), Juan Ram&oacute;n Troncoso-Pastoriza (Laboratory for Data Security – EPFL), Jean-Pierre Hubaux (Laboratory for Data Security – EPFL)",https://petsymposium.org/popets/2021/popets-2021-0043.pdf,,,,
SoK: Privacy-Preserving Computation Techniques for Deep Learning,PETS,2021,,"Jos&eacute; Cabrero-Holgueras (CERN/Universidad Carlos III de Madrid), Sergio Pastrana (Universidad Carlos III de Madrid)",https://petsymposium.org/popets/2021/popets-2021-0064.pdf,,,,
SoK: Efficient Privacy-preserving Clustering,PETS,2021,,"Aditya Hegde (IIIT-Bangalore), Helen M&ouml;llering (Technical University of Darmstadt), Thomas Schneider (Technical University of Darmstadt), Hossein Yalame (Technical University of Darmstadt)",https://petsymposium.org/popets/2021/popets-2021-0068.pdf,,,,https://github.com/encryptogroup/SoK_ppClustering
SoK: Differential privacies,PETS,2020,,"Damien Desfontaines (ETH Zürich / Google), Bal&aacute;zs Pej&oacute;",https://petsymposium.org/popets/2020/popets-2020-0028.pdf,,,,
SoK: Anatomy of Data Breaches,PETS,2020,,"Hamza Saleem (University of Southern California), Muhammad Naveed (University of Southern California)",https://petsymposium.org/popets/2020/popets-2020-0067.pdf,,,,
SoK: Modular and Efficient Private Decision Tree Evaluation,PETS,2019,,"&Aacute;gnes Kiss (TU Darmstadt), Masoud Naderpour (University of Helsinki), Jian Liu, N. Asokan (Aalto University), Thomas Schneider (TU Darmstadt)",https://petsymposium.org/popets/2019/popets-2019-0026.pdf,,,,
SoK: Secure Aggregation based on cryptographic schemes for Federated Learning,PETS,2023,,"Mohamad Mansouri (EURECOM), Melek &Ouml;nen (EURECOM), Wafa Ben Jaballah (Thales SIX GTS), Mauro Conti (University of Padua)",https://petsymposium.org/popets/2023/popets-2023-0009.pdf,,,,
SoK: Secure E-Voting with Everlasting Privacy,PETS,2023,,"Thomas Haines (Australian National University), Rafieh Mosaheb (University of Luxembourg), Johannes Mueller (University of Luxembourg), Ivan Pryvalov (University of Luxembourg)",https://petsymposium.org/popets/2023/popets-2023-0017.pdf,,,,
SoK: Managing risks of linkage attacks on data privacy,PETS,2023,,"Jovan Powar (University of Cambridge), Alastair R. Beresford (University of Cambridge)",https://petsymposium.org/popets/2023/popets-2023-0043.pdf,,,,
SoK: Content Moderation for End-to-End Encryption,PETS,2023,,"Sarah Scheffler (Princeton University), Jonathan Mayer (Princeton University)",https://petsymposium.org/popets/2023/popets-2023-0060.pdf,,,,
SoK: Differentially Private Publication of Trajectory Data,PETS,2023,,"&Agrave;lex Miranda-Pascual (Universitat Polit&egrave;cnica de Catalunya and Karlsruhe Institute of Technology), Patricia Guerra-Balboa (Karlsruhe Institute of Technology), Javier Parra-Arnau (Universitat Politècnica de Catalunya and Karlsruhe Institute of Technology), Jordi Forné (Universitat Politècnica de Catalunya), Thorsten Strufe (Karlsruhe Institute of Technology)",https://petsymposium.org/popets/2023/popets-2023-0065.pdf,,,,